col_0,col_1,col_2,col_3,col_4,col_5,col_6,col_7,col_8,col_9,col_10
jrc32003D0632-en,3879,3632,2015
jrc32005R1651-en,1810,4314,2763
jrc32002L0058-en,538,4361,4488
jrc52004AP0387-en,1163,1451,2163
jrc42004D0097-en,5769,2163,4060
jrc52005DC0415-en,5614,5283,3461
jrc52005PC0457-en,138,3185,5614
jrcC2006#060#17-en,5371,3780,1538
jrc32005R0460-en,1810,5360,4690
jrc32006D0427-en,711,1405,3879
jrc52006XC0715_04-en,4045,1700,4060
jrc52006PC0500-en,2443,2498,5620
jrc32001D0304-en,2737,5877,3780
jrc32001D0509-en,2015,2179,909
jrc32006L0042-en,138,1718,3307
jrcC2006#143#37-en,1538,5371,2163
jrc31997L0017-en,138,2498,1401
jrc32003D2256-en,5442,1154,2472
jrcC2006#086#42-en,5371,2498,5130,1954
jrcC2006#190#31-en,5371,5913,3780
jrc32003R0665-en,1415,2479,1268
jrcC2006#143#10-en,2412,1538,3935
jrcC2006#224#11-en,5371,2163,1163
jrc52005PC0053-en,4366,2459,5442
jrc52006DC0563-en,3780,1154,3489
jrc32002D0105-en,2163,5775,4179
jrcC2006#086#52-en,5371,1810,2763,5360
jrcC2006#212#18-en,1700,3935,4840
jrc52005XC0719_02-en,712,2478,3929
jrc52006DC0552-en,2479,1455,3461
jrcC2006#036#72-en,5371,3879,2187
jrc52004XC1217_02-en,2163,2498,1163
jrc32005R0698-en,1810,5360,4291
jrc32006D0516-en,5848,2825,2498
jrc32004R1973R_02-en,4630,2498,187
jrc32004B0715-en,5769,2163,85
jrc32005L0018-en,3941,130,3780
jrc32006D0307-en,2163
jrc42006D0667-en,2163,1163,1538
jrc32005R1058-en,5360,1810,3156
jrc52005AE1058-en,1810,5258,4222
jrc32006R0260-en,2449,5360,2498
jrc32005D0688-en,2163,4845,5259
jrc32005L0075-en,1810,2163,909,2015,4050
jrc32005R1082-en,1810,5360,2292
jrc32006R0608-en,1810,5360,4057
jrcC2006#086#61-en,5371,1810,4291
jrc22004D0099-en,187,2479,4057
jrcC2005#315#33-en,5371,1810,2059
jrcC2006#168#06-en,69,2495,2012
jrc32006R1088-en,1810,5360,2763
jrc32001L0077-en,2498,3783,3908
jrc32005R1822-en,1268,1115,3780
jrc32006R0505-en,1810,5360,4690
jrcC2005#271#20-en,5371,4361,3935
jrc52006XC1017_02-en,712,3780
jrc52006XG1207_01-en,4366,5442,2459
jrc32005R1168-en,1810,5360,2763
jrc32006D0033-en,3908,5769,2517
jrc52006AE0415-en,2472,427,2468
jrc32005R0892-en,1810,5360,4291
jrc22006D0084-en,3879,187,4291
jrcC2006#038#06-en,69,4361
jrc32006D1364-en,3783,5442,2498
jrc32005L0088-en,1707,1718,2015
jrc32005R0356-en,2476,2179,87
jrcC2006#190#51-en,2817,5371,2478
jrc52005AR0151-en,3899,2517,2468
jrc32005B0529-en,1451,2163,1018
jrc32006R0682-en,1810,5360,4057
jrc52006XC0503_04-en,486,2472,2515
jrc32006H0647-en,3798,138,2479
jrc32003D0593-en,3879,3632,2015
jrc52006PC0069-en,2825,2524,2479
jrc31998D0351-en,2442,5962,3780
jrc32006D0630-en,2163,4299
jrc32004B0724-en,2163,1451,3935
jrc52005IP0209-en,2497,2468,2478
jrc52006XC0824_04-en,2187,4361,1401
jrcC2005#315#10-en,3935,1538,2163
jrc32002R0831-en,4256,4488,2478
jrc32003D0378-en,2320,3780,711
jrc32005R1308-en,1810,4314,2763
jrc32005D0131-en,1005,2479,5283
jrc32003D0721-en,2479,2442,2737
jrc32000D0057-en,1754,2479,4045
jrc32000D0553-en,3879,2701,3632
jrc31999D0471-en,3632,4414,5615,4185
jrc52006AG0015-en,668,1154,3489
jrc22006A0706_04-en,4057,5775,3780
jrc52006DC0140-en,2498,1405,5442
jrc32006R0740-en,1810,5360,4057
jrc52005BP0071-en,2698,4179,3900,5620,2163,1018
jrc42006D0278-en,1163,2163,5923
jrc52006AG0005-en,2470,1422,2472
jrc32006D0188-en,130,3461,3780
jrcC2006#154#10-en,3935,1810,5400
jrc52004AE1447-en,2517,5258,2479
jrc32006R0022-en,1810,5283,4314
jrc32006R0195-en,1810,5360,130
jrc32005B0549-en,5769,2735,2163
jrc52006XC0830_01-en,712,5087,4361
jrc52006XX0302_02-en,69,2474,3581,2012
jrcC2006#036#31-en,5371,1538,3780
jrc32006R0079-en,1810,5360,6136
jrc32004R2169-en,1258,1115,1810
jrc32006D0600-en,3879
jrc32002D0364-en,3307,3632,2479
jrc32006R0258-en,1810,5360,5359
jrc52005XC1015_11-en,712,1086,2012
jrc32004B0712-en,2163,1074,2191
jrc32005D0513-en,4361
jrc31997D0487-en,4361,2187,3632
jrc32006L0032-en,2498,5640,1154
jrc32006D1006_04-en,2163,1163,5769
jrc31999L0092-en,82,3798,2479
jrc32001L0002-en,2181,5614,2015
jrc32004D0855-en,1321,2504,3780
jrc52006AE0591-en,2517,3899,5258
jrc52005DC0152-en,2467,2175,2478
jrc32004R2091-en,2476,1370,913,2106
jrc32004D0669-en,13,1401,2498,1372
jrc52006XC0323_03-en,4361,2012,5615
jrc32004D1209_02-en,2163,5769,1163
jrc52006PC0031-en,1370,538,1786
jrc32003L0074-en,1415,2442,2479
jrc32005R1582-en,1810,5360,2763
jrc32005H0737-en,2688,5268,2472
jrc32000D0605-en,3879,4380,4299
jrc52006XC0909_01-en,912,2498,4590
jrcC2006#277#05-en,69,2520,2059,3780
jrc52005PC0333-en,187,3461,2478
jrc52004AP0392-en,1163,1451,2163
jrc52004DC0803-en,3489,2478,2152
jrc32006D0211-en,3783,1810,3780
jrc32002L0098-en,2479,4488,2152
jrc32002D0593-en,2014,3780
jrc32005R2112-en,2191,2188,1810
jrc22004D0167-en,187,2498,87
jrc32005D0478-en,2163,3780,490
jrc32005A0719_07-en,2448,3780
jrc31999L0045-en,2090,87,2479
jrc32005D0258-en,1321,130,2012
jrcC2006#086#24-en,5371,2498,1520
jrc22004D0137-en,187,2469,2498
jrc32005L0049-en,4361,2015,4539
jrc52005XC1202_04-en,712,2478,2200
jrcC2006#261#41-en,5371,913,2012
jrc32006D0364-en,2015,187,4179,3780
jrc32005D0301-en,4590,4300,3780
jrc31996L0051-en,1277,6052,2479
jrc32005L0062-en,2479
jrcC2006#294#51-en,3935,2012,2472
jrc32006R0352-en,2119,1810,5448
jrc22003D0141-en,187,1401,2498
jrc52005AE0846-en,2468,2517,3899
jrc52005AE0134-en,1370,2469,525
jrc32006D0874-en,2015,2179,3632
jrc32003L0063-en,2479,1415,525
jrc52005PC0632-en,2015,3461,3467,2179
jrc32005D0598-en,5877,3780,2479
jrc22005A0607_01-en,26,4040,2478
jrc52006XX0316_01-en,1414,4017,3780
jrc31997L0074-en,3780,3209,1401
jrc52005PC0536-en,3899,2517,5442
jrc31999D0629-en,1163,2163,5775
jrc52005XC1104_04-en,3160,84,3780
jrc31999L0002-en,2735,4416,2479
jrc52005AE0253-en,2001,2517,5442
jrc52006DC0105-en,2497,2498,3783
jrc52004AR0270-en,2517,2001,1074
jrc31999D0304-en,4361,3632,5614
jrc32000D0436-en,2517,5769,4179
jrc52005DC0436-en,1000,2478,2469
jrc22005D0148-en,4361,187,2187
jrc52004PC0840-en,3489,1074,2478
jrcC2006#210#08-en,69,1700,2106
jrc32002D0050-en,2517,1154,3899
jrc52005SC0013-en,2448,3318
jrc52005XC0629_03-en,2473,913,2012
jrcC2006#074#18-en,5371,5283,5400,2470,3780,130
jrc32001D0523-en,3798,13,3879
jrc52006XC1121_01-en,445,2478,2479
jrc32002D0247-en,6052,2479,2735
jrc32005D0310_01-en,1163,2163,4060
jrc31996R1418-en,2292,87,5614
jrc31996D0457-en,2014,3780
jrc32006R0114-en,2487,4314,4370,2163,2639,5360,1115,3258
jrc21998A0421_01-en,2479,4040,2079
jrc52005DC0517-en,2478,2497,486
jrc31998D0457-en,3879,2475,3798
jrc32005R1159-en,5442,4361,3783
jrc31997D0522-en,4361,3632
jrc22006X0609_05-en,2079,2858,3780
jrc31998D0422-en,1372,1700,2167
jrc32006R0835-en,1810,5360,2763
jrc52005XC0427_02-en,343,3780
jrc32005L0094-en,5877,2479,2442
jrc32005R0246-en,2763,1810
jrc32006R0807-en,1810,5360,c_b2c019c8
jrc52005XC0719_03-en,2477,239,1718
jrc31998D0517-en,4361,5614,2187
jrc32005R0932-en,5877,2479,4370
jrc32006D0171-en,2012,69,539
jrc22006D0017-en,187,1370,2472
jrc52005IP0236-en,2479,2517,5442
jrc32002R2104-en,4256,668,2491
jrcC2006#162#04-en,1810,5360,4380
jrcC2006#060#76-en,5371,130,3780
jrc52005PC0443-en,2478
jrc32005D0785-en,2163,3780,3778
jrc32005R1393-en,2487,2119,3780
jrc52006PC0364_01-en,2478,5442
jrc32006D0260-en,4590,2015,1426,1718,445,1410
jrc32001R1262-en,2449,4314,1810
jrc32002R1253-en,2734,2179,3156
jrcC2005#307#04-en,69,4414,4418
jrc31997D0462-en,3632,2505,3879
jrc32006D0641-en,1520,2478,1115
jrc31999D0870-en,567,2573,1810
jrc31999D0506-en,4276,2478,2163
jrc52004IP0111-en,914,4704,2517
jrc32005R1741-en,1810,5360,2763
jrcC2006#246#14-en,69,4361,3820
jrc52006XC0608_03-en,3879
jrc22006D0083-en,187,1115,1718
jrc32000D0638-en,4361,4522,2494
jrc52006PC0234-en,5442,2479,1754
jrc32005D0777-en,2181,3780,5283
jrc52004AR0069-en,2517,2472,6034
jrc32005R1863-en,1810,5360,4291
jrc32005D0754-en,3956,1163,2163
jrc52005IE0845-en,2478,2497,3743
jrc52005IP0210-en,2468,2517,3899
jrc32005R0891-en,1810,5360,4291
jrc32004L0108-en,4361,525,3641
jrc32005R0614-en,1810,5360,8278,99,2763
jrc32005D0403-en,3879
jrc52005XC1202_05-en,1810,3780,3783
jrc32006D0542-en,5962,1700,2838
jrc52005XC1117_05-en,4505,3780,3797
jrc52005XC0726_01-en,3879,3641,1016
jrcC2006#178#31-en,3935,1810,5400
jrc32006D0226-en,4590,3780,1372
jrc32004R1926-en,2476,1370,913
jrcC2006#279#06-en,69,1370,4361
jrc32005D0111-en,2163,2486,1325,424
jrc32005D0631-en,4361,2494,4522
jrc31999D0469-en,3632,3879
jrc32006B0465-en,2698,2163,26,5775
jrc32004D0884_01-en,2163
jrcC2006#233#02-en,69,2478,2914
jrc52004AP0072_01-en,5442,2472,1370
jrc32005R1516-en,1810,5360,4291,3098
jrc32002R2236-en,1005,6722,3780
jrc31999D0454-en,3632,3879,3641
jrc32000D0694-en,5962,3780,1405
jrc32005D0372-en,3461,1909,3780
jrc32005R1147-en,2476,3318
jrcC2006#074#19-en,5371,130,3273,913,3780,5283,2163,2470
jrcC2006#178#13-en,2012,2688,3935
jrc32004D0742-en,2163,1086,1087
jrcC2006#035#04-en,69,4522,5614
jrc32005R1066-en,1810,5360,4291
jrc52006XC0125_04-en,4017,2015,4361
jrc52004AR0153_01-en,3899,2517,2479
jrc32005D0516-en,5769,3450,2478
jrc52006XC0202_04-en,712,2478,1325,3780
jrc52006DC0059-en,4539,1370,2497
jrc32003D1230-en,2498,2469,3489
jrc32000D0447-en,3632,3879
jrc32005R1048-en,1362,2014,2179
jrc32005H0761-en,2478,567,566
jrc32005R1062-en,1810,5360,4291
jrc31999D0091-en,3632,1401,3879
jrc52006DC0389-en,1800,1154,2478
jrc32005R2110-en,2191,2188,1810
jrc52005AR0149-en,5442,138,2479
jrc32001L0083-en,2479,1415,87
jrc32005R1383-en,1810,5360
jrc32005R0515-en,2487,2119,130,3780
jrc32005L0051-en,1810,2817,2090
jrc32003D0239-en,913,3780,1105
jrc52006XC1107_03-en,3783,1810,3780
jrcC2006#281#36-en,3935,4479,1810
jrc52005XC0805_03-en,69,2477,2472
jrc52006DC0109-en,5614,525,1154
jrc31999L0005-en,4361,138,3307
jrc31999R2166-en,2656,4050,2479
jrcC2006#022#07-en,1810,5371,1520
jrc52005XX0527_02-en,3581,1700,4179
jrc32006R0088-en,1810,5360,2763
jrc32006R1287-en,1804,5268,1810
jrc31998D0291-en,3797,3780,4291
jrc32005R1696-en,1810,5360,1086
jrcC2006#154#05-en,1538,5371,2163
jrcC2006#054#06-en,69,1700,c_b2c019c8,5848
jrc22004D0100-en,187,4361,4522
jrcC2006#020#08-en,69,1700,c_b2c019c8
jrc31999R1647-en,2763,1810,1268
jrc32005D0050-en,4361,4539,1707
jrcC2005#271#01-en,5371,3780,c_98d1408a
jrc52005AP0200-en,2015,4179,1700
jrc31997D0184-en,1105,4069,3780
jrc32006D0332-en,2163,490
jrc32005D0554-en,3273,2163,4276
jrc31996D0158-en,3797,4276,3780
jrc32002R1444-en,2493,3058,2163
jrc52006PC0195-en,525,1810,1164
jrc52006PC0051-en,2470,2472,1786
jrc32004B0716-en,5769,2163,1432
jrc52006DC0028-en,4361,525,5442
jrc31998D0481-en,2510,2012,187
jrcC2006#086#84-en,5371,1810,1432
jrc52004AE1649-en,2468,3318,1802
jrc52005IP0244-en,2517,2468,1802
jrc32006R0415-en,1810,5360,2763
jrc22000A0111_01-en,4069,4040,2478
jrc52005DC0525-en,2497,2468,3318
jrc52005DC0208-en,5442,4185,2478
jrc32004O0018-en,1809,1810,1451
jrc32002L0039-en,5268,4361,2497
jrc32005R0458-en,1810,5360,4690
jrc32001D0144-en,5962,1700,c_6e703074
jrc52006XC1216_01-en,712,2200,5877,3780
jrc32006R0470-en,1810,5360,4057
jrc32005R1382-en,1810,5360,4840
jrc52005AR0065-en,371,2498,490
jrc32004B0708-en,2163,5769,82
jrc31998D0482-en,4361,3307,2179
jrcC2006#108#22-en,5371,3780,1401
jrcC2006#086#34-en,5371,2498,744
jrc32005D0157-en,2163,2200
jrc32005R0610-en,1810,5360,2200
jrc32004B0722-en,2460,2163,1451
jrc42006X1124_02-en,2179,2015,3641
jrc32005B0544-en,2163,5769,4486
jrc22005A1222_03-en,5848,2825,2498
jrcC2006#022#28-en,5371,913,2163
jrc32004R2033-en,5360,1810,2292
jrcC2006#281#03-en,5371,3780,695
jrc32003R0357-en,1810,1277,5360
jrc52005SC1611-en,187,3783,4361
jrc32005D0507-en,2163,3780,2119
jrc32000D0693-en,138,3641,1718
jrc32003L0009-en,3476,566,2479
jrc52005IP0235-en,1909,5442,2517
jrc32005D0605-en,5962,1700,2119
jrc22005D0728_01-en,4361,2320,5877
jrc52004AP0385-en,1163,1451,2163
jrc52006XC0517_01-en,912,4590,4414
jrc52004AR0258-en,2467,1154,668
jrc32003L0108-en,1000,1158,5614
jrc52005PC0705-en,2059,2478,494
jrc31997L0047-en,1277,2479,5877
jrc52005XC0915_02-en,712,2498,744
jrc32005D0456-en,5442,2472,1154
jrc32006D0190-en,3632,3879,1417
jrc31996R0267-en,1004,1810,2763
jrc32004R2111-en,2476,1370,c_98d1408a
jrc31998L0084-en,2472,138,5268
jrc32004B0725-en,2163,1451,1538
jrc52005PC0526-en,82,1786,2479
jrc31997D0740-en,3632,3879
jrc32005R1374-en,1810,5360,4291
jrc32005D0810-en,2163,343,1086
jrc52005XC0322_04-en,712,3780,1000
jrc32006D0602-en,1005,5877,3780
jrc52006DC0789-en,1804,2478,525
jrc32002D0676-en,4361,525,3489
jrc52006DC0251-en,2472,4045,2497
jrc52005PC0444-en,2478,26,1412
jrc32005D0035-en,3659,3461,2179
jrc52005AR0154-en,2467,2478,2175
jrc32006D0651-en,2163,5283,c_b2c019c8
jrc31999L0059-en,1321,4361,5268
jrc32005D0617-en,5962,3780,1405
jrc32004D0829-en,2163
jrcC2006#143#08-en,5371,3780,4189
jrc52006PC0364_02-en,2478,5442
jrc32005R0103-en,1810,5360,3522
jrc52004AR0256-en,1154,2479,2472
jrc52006PC0484-en,2470,1786,2472
jrc32001R2585-en,2723,2707,2517
jrc32003D0560-en,956,1834,2412
jrcC2006#143#07-en,5371,4705,3780
jrc32004D1216_01-en,1163,2163,5769,4069
jrc32005D0112-en,2163
jrc32005B0542-en,5769,2163,82
jrc52005DC0014-en,2517,2468,2497
jrc32003D0616-en,2079,2737,2479
jrc32005D0031-en,2163,4845,5259
jrc32003D1209-en,2478,1754,427
jrc52004XC1104_02-en,1810,4505,77
jrc32004D0832-en,5962,5877,3780
jrc31998D0535-en,4361,2179,3632
jrc32003D0629-en,3879,3632,187
jrcC2005#315#03-en,5371,3780,130
jrc32004D0860-en,567,3461,3780
jrc32006D0350-en,2481,3780,5283
jrcC2006#091#07-en,69,2012
jrc32006R0703-en,1810,5360,2763
jrcC2006#096#27-en,2817,5371,1718
jrc52005SC1236-en,187,2472,1370
jrc31998D0537-en,3467,2498,5775
jrc52005AP0212-en,2498,4179,4704
jrc32004D0444-en,2478,5775,26
jrc52004AP0388-en,2163,1163,1451
jrc32005B0532-en,2163,1451,1018
jrc32006R0865-en,3150,3584,2479
jrc32005A1105_01-en,343,3780
jrc32001L0089-en,5877,5962,2479
jrc31997D0544-en,4361
jrc32005D0866-en,2510,3780
jrc52006XC0826_01-en,712,912,445,3780
jrcC2006#212#33-en,3935,538,2472
jrc32005R1083-en,1810,5360,2292
jrc32005D0686-en,5283,4256,2478
jrc52006XC0311_04-en,1810,3783,4414
jrc31999R0111-en,1810,2734,474
jrc32001R2181-en,2737,3318,1405
jrc32004B0888-en,2698,2163,5775,5620
jrc52006PC0053-en,2498,1786,2702
jrc32002L0022-en,4361,5268,77
jrcC2006#049#06-en,69,3318
jrc52005AE1074-en,1802,2517,2468
jrc52004XC1210_07-en,4505,3193,3780
jrc32001R1808-en,3150,3156,3584,2479
jrcC2006#010#38-en,5371,2817,1370
jrc52006XC0303_01-en,4505,3193,3780
jrc52005AE1500-en,2468,2478,5258
jrc32001D0107-en,5614,2181,6052
jrc32002L0029-en,3941,3780
jrc32005D0811-en,2163,1520
jrc52006IE0400-en,1700,2459,5442
jrcC2006#173#05-en,69,3879,656
jrc32005B0537-en,2163,1451,1018
jrc32005D0838-en,2163,1087,1086,1615
jrcC2006#010#01-en,3935,2416,3780
jrcC2006#165#40-en,5371,3632,5614
jrc52005DC0488-en,2478,2497,2469
jrc52005AE0123-en,813,5442,2478
jrc32003D0761-en,1372,c_6e703074,3780
jrc32002L0020-en,4361,5268,525
jrc52006XC0228_01R_01-en,5615,2498
jrc32005R1622-en,1810,5360,5359
jrc52006XC0801_03-en,445,3780,2478
jrc52006PC0382-en,4361,525,3101,1800
jrc32005R0697-en,1810,5360,4291
jrc32006D0659-en,2504,1321,3780
jrc52006PC0236-en,668,1154,5442
jrcC2006#074#41-en,5371,523,1810
jrc32005D0422_01-en,2163,1163,26
jrcC2006#189#02-en,69,4414,1063
jrc32005H0057-en,4361,474,4291
jrc52006DC0769-en,637,2497,4361
jrc32006L0017-en,2479,3451,2152
jrc32003L0099-en,1754,1268,2479
jrc31999D0872-en,1163,2163,5775
jrc52005XC0302_03-en,2472,2517,4045
jrc32005R0586-en,1810,5360,3522
jrc32004R0580-en,1810,3156,2763
jrc31998D0520-en,4361,3307
jrc32005D0508-en,2163,3780,3797
jrc52006PC0458-en,2478,813,26
jrc52005XC0408_02-en,2015,2472,567
jrc32002D0627-en,4361,5769,4179
jrc52005XC1230_04-en,1415,3780,490
jrc32005R0104-en,1810,5360,2763
jrc52005PC0171_02-en,5877,2479,525
jrc31998L0037-en,138,1718,5614
jrc32003R1700-en,5640,494,4366
jrcC2006#165#09-en,3935,1810,4414
jrcC2006#143#16-en,5371,3780,130
jrc32001D0048-en,5442,2472,2459
jrc31997D0524-en,4361,2187,3632,5614
jrc32006D0653-en,3783,c_b2c019c8,2498
jrc22006D0073-en,187,2472,1154
jrc31998D0567-en,5962,1700,2473
jrc32006D0590-en,2442,2479,4416
jrc32002D0886-en,2181,5614,3879
jrc41998D0057-en,566,1810,567,3150
jrc32002L0088-en,2015,1707,1718
jrc52006XC1202_04-en,4590,5913,3780
jrc52006XC0324_03-en,5615,1810,130
jrc32005R1064-en,1810,5360,8278,4690,99,2763,2486
jrc52006XC1031_11-en,1155,3028,5769,2472
jrc32006L0007-en,c_98d1408a,2479,2825
jrc52006XG0421_01-en,2478,1154,69
jrc31998D0143-en,3632,3879
jrc32005R1606-en,1810,5360,4057
jrc52004BP0344-en,2163,1451,1018
jrc32006D1208_03-en,1163,2163,85
jrc52006XC1027_03-en,712,3780,3941
jrcC2005#271#16-en,3935,1538,2163,2412,5371
jrcC2006#048#81-en,5371,1810,1426
jrcC2006#086#44-en,5371,130,3780,5400,2470
jrcC2006#228#07-en,69,2524,2012
jrc32005R1695R_01-en,1810,5360,2763
jrcC2005#330#30-en,3935,1520,2163
jrc32006D0374-en,2737,3780,1372
jrc32004R0726-en,5769,1415,2479
jrc52005XC0806_04-en,3641,1401,1718
jrc32003D0158-en,2163,4179,2498
jrcC2005#297#07-en,69,4505,2412
jrc32005D0171-en,2481,1362,2412
jrc52006XC0721_01-en,3193,2184,2163
jrc32005D0401-en,913,4590,1700
jrc52005AE0689-en,2479,3185,2188
jrc32006D0657-en,914,2515,2402,2163,3461,4040
jrc42005X1216_03-en,2179,3641,2015
jrc32005L0039-en,2015,52,2179
jrc52004IE1199-en,1700,2469,813
jrc32005R0584-en,1810,5360,1086
jrc32004B0710-en,5769,2163,1415
jrcC2006#048#28-en,2481,5371,3780
jrc32006R0990-en,1810,5360,4291
jrc32006D0692-en,2090,1158,4361
jrc32001R1660-en,2723,2449,1810
jrc52006XC1110_02-en,911,2504,2498
jrc32006L0130-en,1415,2479,802
jrc32003D0287-en,13,1700,1155
jrc32006D0316-en,2476,3780,913
jrc52004IP0065-en,5640,2163,5442
jrc32005R0177-en,1005,6722,3780
jrc31998L0052-en,3780,3908,5780,4040
jrcC2006#226#04-en,69,1700,2473
jrc32005D0610-en,3879
jrc52005PC0171_01-en,5877,2479,525
jrc32006D0721-en,2735,6052,239,3780
jrc52004AE1434_01-en,2478,1909,5258
jrc31999D0497-en,4361,3632,2015
jrc32005R1495-en,1810,5360,1086
jrc52006AE0739-en,2479,2517,5258
jrc52006DC0045-en,5442,2472,1426
jrc52006PC0329-en,1754,1154,2479
jrc42005D0595-en,1163,2163,5775
jrc32002L0091-en,2498,4414,2825
jrc31998D0521-en,4361,3632
jrcC2006#165#05-en,3780,5371,490
jrc31995D0342-en,4416,2479,5877
jrc32004D0838-en,913,2012,4590
jrc32000L0006-en,3798,2479,2014
jrc52006IR0032-en,2459,4366,2468
jrc32006R0314-en,1810,5360,2763
jrc32005D0468-en,2504,4590,2498
jrc32002R2322-en,2059,2478,1164,26
jrcC2006#074#16-en,5371,4057,2472
jrc22006D0069-en,187,1810
jrc32006D1006_03-en,2163,5769,1163
jrc32000D0365-en,567,3780,1432
jrc32006D0195-en,2442,2479,1005
jrc32000D0265-en,1018,1810,4179
jrc32005R1188-en,5017,1370,2723
jrc52005AE0525-en,5881,2479,1154
jrcC2006#294#09-en,5371,3258,3780
jrc52006PC0112-en,2015,4179,2179
jrc32006R1126-en,3474,5424,3450,6722,3258,2179,5083,2119,3797
jrc32005D0570-en,2163,2200,4017,4299
jrcC2006#165#24-en,3935,3780
jrc52005IP0134-en,1700,4704,1432
jrc32003D1608-en,2478,4256,3899
jrc31998L0048-en,1422,5268,2472
jrc32002L0033-en,2442,2479,2711
jrc31998L0090-en,2015,3780,130
jrc32004D0926-en,567,3780,3778
jrc32004D0595-en,2711,711,3780
jrc32006D0751-en,3879,3632,1401
jrc52005AR0215-en,371,2498,6034
jrcC2006#048#63-en,5371,1700,2014
jrc52005XC0319_03-en,4361,445,1520
jrcC2006#055#16-en,69,4361,239
jrc32002R1313-en,4256,2467,668
jrc32006D0117-en,2442,5283,3780
jrc32003D0190-en,4414,5615,5614
jrc52006DC0334-en,4361,525,2497
jrc32005D0837-en,2163,3780,3778
jrc52005XX0226_01-en,2163,4017,c_6e703074
jrc32002L0021-en,4361,525,5268
jrc32003D0534-en,1754,2479,3797
jrcC2006#036#24-en,5371,3935,4361
jrc52006DC0035-en,2370,5442,2152
jrc52004AR0094-en,2468,2517,3058
jrc32006R0795-en,1810,5360,4690
jrc31997D0463-en,3632,3879,2858
jrc52006DC0134-en,2497,1700,2515
jrc32006L0088-en,2320,2479,5877
jrc32000D0754-en,5962,1700,2473
jrc52006DC0120-en,5268,2472,486
jrc32003D0804-en,3544,2320,2479
jrc32006D0559-en,2320,3780,2711
jrc52005IP0151-en,2517,3487,3908
jrc52006DC0590-en,2498,3489,2497
jrc32004D0763-en,5780,6722,2163
jrc52005XC0625_01-en,445,712,2498
jrc22006D0098-en,187,2478,5400,1164,438855
jrc32000L0008-en,2015,2364,3879
jrc32006R0713-en,1810,5360,1086
jrc32000R0141-en,2479,1415,5769,5881
jrc32006D0451-en,2628,4179,2163
jrc52005DC0330-en,2497,2468,2478
jrc42005D0741-en,2163,1163,3935
jrc32005X1122_01-en,4366,5640,1488
jrc32006D0670-en,8278,2163,2838
jrc52006XC0224_02-en,1415,3780,445
jrcC2006#048#76-en,5371,1810,3209
jrc31998L0081-en,3797,2479,82
jrc31999R0039-en,1810,5360,2512
jrc52006AR0053-en,2517,3908,3899
jrc32006D0517-en,2014,3780
jrc32003D0168-en,2498,c_964c9649,5640
jrc22003D0090-en,187,2479,7207
jrc52005AP0016-en,2472,4179,5437
jrc32006L0024-en,538,4361,4488
jrc32006D0673-en,3879,3632,2015
jrc52006DC0173-en,2472,1154,5442
jrc32006D0429-en,2478,4256,494
jrc52006AA0001-en,2059,2478,1451
jrc52004AE1653-en,5442,6722,3780
jrc52006XC0512_04-en,4416,5360,2479
jrcC2006#224#42-en,3935,1370,2495
jrc42006X1208_01-en,2467,1074,2478
jrc32002D0836-en,2478,4304,3899
jrc32005D0161-en,1005,1268,2479
jrc32005R1438-en,5360,1810,130
jrc52004AR0194-en,2478,2515,2497
jrcC2006#048#08-en,5371,1538,3780
jrc52006DC0593-en,2152,2479,5283
jrc52005PC0646-en,525,1370,2012
jrc32006D0212-en,2510,2163,2412
jrc31997L0043-en,3946,2479,82
jrcC2006#160#05-en,69,1158,1063,1277,2119,3879
jrc32005D0053-en,4361,4522,5614
jrc32002R1407-en,3743,4590,2498
jrcC2006#255#05-en,69,5881,2478
jrc52004AR0240_02-en,2468,2517,2515
jrc32005D0928-en,4361
jrcC2006#029#05-en,69,2015,2647,1718,2179,3131,2364
jrc32006D0311-en,2737,5283,3780
jrc52006DC0062-en,2517,2468,2497
jrc52006XC0609_07-en,712,3780,2498
jrc52006XC0225_02-en,445,69,1700,87
jrc31999D0310-en,4361,3632,5614
jrc31999D0403-en,1372,2113,2498
jrc32005R0079-en,2479,1277,5877
jrc52006XC1019_02-en,1707,524,4366
jrc32005L0061-en,2479
jrc32003R1084-en,2479,1415,1422
jrc52006XC1025_04-en,1158,1707,4366
jrc52004AR0192_02-en,2517,5442
jrc32004R0552-en,4539,2494,4361
jrc32006L0058-en,1321,2012,2090
jrcC2006#165#54-en,5371,434743,3780
jrc32004L0008-en,2498,4414,3783
jrc32005R0173-en,6722,3780,3058
jrc32006R0257-en,1810,5360
jrc52006AG0007-en,5881,5769,2479
jrc32005R1583-en,1810,5360
jrc32005R1989-en,1810,5360,3193
jrc52005SC0230-en,2448,3780
jrc32003R0129-en,2476,2179,2417
jrc31999D0501-en,1005,1115,3780
jrc52005PC0577-en,5881,5769,2479
jrc52006XC0208_01-en,2477,2763,4619,1360,2520,2292,4486,5614
jrc52004DP0094-en,695,4179,2163
jrc32005R1169-en,1810,5360
jrc32004R2250-en,1810,2763,3193
jrc31996D0391-en,3783,5442,2498,2468
jrc52004AR0161_03-en,2478,1909,566
jrc32005R1080-en,1810,5360,2292
jrc52004AP0393-en,1451,1163,2163
jrc22005D0069-en,187,4256,1700
jrc31998R0850-en,2476,3780,3544
jrc52005PC0373-en,2163,3461,3209
jrc32002D0179-en,2705,3461,3780
jrcC2005#292#06-en,69,1954,1810
jrc32004R2097-en,2476,1370,913
jrc22006D0068-en,187,1810,c_98d1408a
jrc52006AR0034-en,1074,668,2467
jrc32006R1586-en,5360,1810,5283
jrc31997R1495-en,2737,3156,3780
jrc32005D0675-en,2163
jrc32005L0071-en,2478,566,4705
jrc52004AP0386-en,1163,1451,2163
jrc32006D0494-en,2163,130
jrcC2005#296#29-en,5371,3783,3780
jrc32005R1573-en,1810,2449,2498
jrc31998R1449-en,2476,4361,5913
jrc32005R0616-en,2449,1810,2723
jrc32004D0816-en,2163,2486,2498
jrc31997D0094-en,2737,2711,2479
jrc52005AR0066-en,2497,2517,2470
jrc52005DC0322-en,5877,2479,486
jrc32003R2065-en,2735,2479,494
jrc31996F0750-en,1432,8473,2517
jrc32006R1414-en,1810,5360,2763
jrc32005D0406-en,77,4590,2012
jrc52005PC0362_01-en,2320,2479,5877
jrc32004D2239-en,2473,2517,2468
jrc32006D0571-en,2711,2163
jrc32001D0508-en,2015,2179,909
jrc32005D0367-en,3467,566,3780
jrc32006D0804-en,4361,3307,1405
jrc52006XG0623_01-en,1754,2517,2479
jrc32005R0493-en,4380,1405,1718
jrc52005DC0339-en,656,2479,486
jrc32005D0118_05-en,2163,1737,1163
jrcC2006#154#06-en,1538,5371,1700
jrc52005AE0250-en,2468,2515,2517
jrc32005D0462-en,2163
jrc52005XC1208_01-en,2486,1810,c_b2c019c8
jrc52006XX0302_01-en,2012,3581,69
jrc52006DC0583-en,2498,2497,1488
jrc32005R1744-en,1810,5360,2763
jrc52006XC0321_02-en,3160,2412,5283
jrc32004D0071-en,4361,4522,2494
jrc31998R2784-en,2477,3780
jrcC2006#074#44-en,2817,5371,3780
jrc31999D0472-en,3632,3879
jrc22005D0080-en,187,3632,3879
jrc32005D0172-en,2163,4845,5259
jrc32004B0720-en,2163,5775,3743
jrcC2006#281#15-en,3935,2688,2472
jrc52005XC1208_04-en,712,3780,5877
jrc32001D0507-en,4256,5442,4361
jrc32005D0439-en,5877,2914,3780
jrc52005SC0142-en,2448,3780,1687
jrc22006D0726-en,4017,4361,2187
jrc42005X0610_01-en,2517
jrc52005PC0119_02-en,2478
jrc52006PC0792-en,2163,1163,5769
jrc32001L0093-en,2442,5962,4414
jrc52005XC1216_03-en,4505,3780,3193
jrc32005D0023-en,2163,2498,1520,26
jrc32005D0032-en,2163,2200,2106
jrc52003AR0355-en,490,2517,2690
jrc52005PC0225-en,2517,3908,3899
jrc32005D0371-en,3461,3780,1909
jrc52005XR0275-en,2517,2497,4479
jrc22005D0072-en,187,2478,1164
jrcC2006#085#07-en,69,6136,3879
jrcC2005#271#44-en,5371,2059,2478
jrc31999D0205-en,13,2498,1405
jrc52005XC0702_02-en,712,5087,1810
jrc52006PC0058-en,525,1786,1718
jrc31995L0028-en,2015,1063,5615,3879
jrc32006D0129-en,744,1268,2479
jrc52005DC0474-en,2497,2507,2478
jrc32005D0118_04-en,2163,1737,1163
jrc31998R2802-en,2292,1810,1004
jrc52006XC1205_04-en,712,5655,1700
jrc32001D0131-en,5083,187,5437,2163
jrc52006XC0728_04-en,2472,2698,4057
jrc52006SC1314-en,2478,1800,2507
jrc32006D0551-en,2163,2416,2817
jrc52006AE0242-en,2498,2497,5258
jrc52004AE1440-en,813,5258,1810
jrc22004D0183-en,187,2001,5400,3307,2163,3273,2517,2459,3209,2014
jrc31996D0281-en,3797,3780
jrc22006A1101_01-en,4057,5775,3780
jrc32005R1648-en,1810,4314,2763
jrcC2006#143#51-en,3935,2775,2412
jrc31998L0079-en,3307,2479,525
jrc31999D0382-en,1154,1074,668
jrc32006D0637-en,1321,4414,3783
jrc32002D0348-en,1700,4060,4045
jrc32005R0632-en,1810,5360,2200
jrc31998R2088-en,2477,2763,3780
jrc52006HB0018-en,2510,2163,1155
jrc32002D0837-en,2478,3899,26
jrc52006AR0031-en,784,2467,2517
jrcC2006#103#08-en,69,2498
jrc52006DC0049-en,486,2012,525
jrc52006DC0367-en,2517,584,5442
jrc32005R1621-en,1810,5360,8278,99,2763,2486,1615
jrc32006D0690-en,2090,3879,1401
jrc32006R0256-en,1810,5360,2119
jrc52005PC0047-en,4505,2517,525
jrc52004AE1651-en,1370,5442,2472
jrc52005AE0249-en,2479,5877,5258
jrc31997L0052-en,1810,3461,1105
jrc52005DC0604-en,2517,486,2468
jrc52005IP0073-en,3899,584,2517
jrc32003R0437-en,4256,4505,3780
jrc52005DC0615-en,434743,2498,486
jrc22006D0081_01-en,187,2479,3632
jrcC2005#315#32-en,5371,1810,1164
jrc52005XC1202_03-en,445,3780,712
jrcC2006#281#48-en,5371,3780,5350
jrc32005R2060-en,1810,5360,5359
jrcC2005#296#07-en,3935,1810,84
jrc22006D0061-en,187,4361,2187
jrc52005PC0086-en,2476,2179,4057
jrc52006AE0731-en,802,2825,2479
jrc32005L0089-en,3783,1804,2498
jrc32000D0597-en,3258,2698,913,3780
jrc31996L0048-en,4539,3307,5614
jrc32005B0547-en,5769,1432,2163
jrc32005L0032-en,2498,525,138
jrc32006A0405_05-en,2448,3780
jrc32006R1039-en,1810,5283,4314
jrc52005XC0104_01-en,4380,2015,2179
jrc52004DC0757-en,2472,2497,5442
jrcC2006#121#14-en,3946,3780,5371
jrc32003L0030-en,2498,2364,2825
jrc31995R0540-en,1415,2479,494
jrc32005D0901-en,2163,4845,122
jrc32005D0676-en,2163
jrc31999L0052-en,2015,2179,2364
jrc32004R2135-en,2476,4057,3780
jrc31997D0474-en,1105,3451,1810
jrc32002L0038-en,1321,5268,2012
jrc32005B0540-en,5769,2163,85
jrc32006D0286-en,1163,5881,2163
jrc52004AE1427-en,427,2472,2497
jrc52004AR0168-en,2478,1909,566
jrc52005XC0802_02-en,2015,4415,2179
jrc31998R2821-en,6052,2479,1415
jrc31998R2768-en,1810,4291,239
jrc52005PC0219-en,2498,525,1786
jrc31999D0498-en,4361,3632,4415,2015
jrc32000D0040-en,13,2498,1401
jrc52006XC1213_11-en,3879
jrcC2006#085#05-en,69,4361,1405
jrcC2006#053#04-en,69,2012,3151,5083,2460
jrc52005XC0503_04-en,1707,4366,4304
jrc31997D0177-en,3632,3879
jrc32002L0019-en,4361,5268,2472
jrc52006DC0276-en,2478,5442,2467
jrc32003D0291-en,1700,5442,2517
jrcC2005#315#12-en,5371,3780,2789
jrc31998D0279-en,3632,3879
jrc52006DC0034-en,2498,427,2497
jrc32005R0092-en,744,2479,1158
jrc32002R0134-en,1016,5448,3780
jrcC2006#154#23-en,4361,3935,2184
jrcC2006#086#47-en,5371,1415,2412
jrc52006XC1213_04-en,445,2478,3879
jrcC2006#048#66-en,5371,2817,3780
jrc32006D0390-en,1882,2479,525
jrc52006XC0406_03-en,4505,2163,1520,3258
jrc31998D0578-en,4361,2015,2187,4415
jrc32004D0203-en,2711,3780,1372
jrc31995D0340-en,4416,2479,2763
jrc52006PC0555-en,1321,4361,913
jrc52006IE0748-en,2498,4539,5258
jrc32002R2195-en,1810,4256,4380
jrc42005X1216_01-en,2179,52,2015
jrc52006PC0546-en,1370,2469,3899
jrc32005R1261-en,1810,1164,1018
jrc32002D0748-en,2014,3780
jrcC2006#260#04-en,69,1370
jrc52006XC1004_05-en,712,2012,139
jrc31997L0036-en,525,2012,2473
jrc32006R0307-en,1810,5360,2763
jrcC2006#278#08-en,69,2187,4361,1370,2184
jrc32005D0461-en,2163,6136,3300,2720
jrc32000L0061-en,2181,3641,2015,1707,5614
jrc52005AR0252-en,2472,2468,2515
jrc52005AE0139-en,5442,668,5258
jrc32005R1652-en,1810,4314,2763
jrc32005D0104-en,2320,3780,87
jrc52005XC1223_05-en,712,2200,2478
jrcC2006#005#04-en,69,2479,2914
jrc42005X1124_03-en,2517,2001,2468
jrc52006XC0825_02-en,712,2498,1707
jrcC2006#108#12-en,1538,5371,3780
jrc32006D0907-en,2163,490
jrc52005AP0089-en,566,2478,4179
jrc32003D0762-en,1372,5259,2014,5614
jrc52006PC0578-en,26,2478,3461
jrc52006DC0077-en,2478,5442,2507
jrcC2006#241#08-en,69,1370
jrc32005R1166-en,1810,5360,1086
jrc32005R0066-en,2167,2163,2639
jrcC2006#294#90-en,5371,2412,4840
jrc32006R1278-en,5360,1810,130
jrc52005DC0024-en,2497,2468,2478
jrc32006R0027-en,1810,5360
jrc52005XC0622_02-en,4017,3879,1422
jrc52006XC1028_01-en,1410,2478,573
jrcC2005#281#12-en,3935,1415,2479
jrc32003D0213-en,4361,4522,5614
jrc31999D0453-en,3879,4299,2090
jrc32005D0337-en,2163
jrc32005R1522-en,1810,5360,5283
jrc31997D0486-en,4361,2187,3632
jrc32003L0053-en,2090,82,3879
jrc31995L0022-en,2320,2479,2179
jrc31998L0039-en,2015,3641,3307,1718
jrc32004R0432-en,3131,4299,5614
jrc52006AE0729-en,2478,5442,5258
jrc52006XC1124_07-en,3780,3783,1810
jrc32001R1563-en,2734,1810,5360,2487
jrc52005XC1216_04-en,4845,4590,4361
jrc52006AR0044-en,2459,5442,2517
jrc52006XC0912_01-en,712,2498,4845
jrc52005XC1020_03-en,3160,4505,3780
jrcC2006#275#07-en,69,1370,2012
jrcC2006#288#10-en,69,3098,2012,5359
jrc32005R0462-en,1810,5360,4690
jrc32006R0026-en,1810,5360,130
jrc52005DC0298-en,4539,5442,4361
jrc32005D0387-en,1432,2479,5769
jrcC2006#048#22-en,3780,5371,c_98d1408a
jrc32003D0904-en,2320,2163
jrc52006IE0410-en,744,2497,2498
jrc32005D0644-en,3780,4590,1000
jrc32002D0049-en,5877,2737,3780
jrc31998D0574-en,4361
jrc32006R1644-en,5360,1810,5283
jrc32004D0177-en,5962,1700,566,2711
jrc32005D0833-en,5051,1163,2163
jrc32005R1187-en,3605,5283,3780
jrc32006R1138-en,1810,5360,4057
jrc32005D0081-en,8278,8369,187,2163
jrc52005XX1207_02-en,1414,833,3780
jrc52005XG1021_01-en,1163,5130,2163,4845
jrcC2006#289#05-en,69,1718,956
jrc52004AR0151-en,2468,3318,2517
jrc52005PC0634-en,2825,2498,2015
jrc32005R1376-en,1810,5360,130
jrc32003D0060-en,3632,2179,69
jrcC2006#190#67-en,5371,5130,2163,1163
jrc52005AE1484-en,2478,5258,5442
jrc52006XC0126_01-en,445,712,3780
jrc52005XC1208_03-en,2478,4590,69
jrc52004AP0390-en,1163,1451,2163
jrc52004XC1211_03-en,285,3151,4361
jrc31998R1069-en,1415,2479,87
jrc52005XC1216_02-en,4505,3780,3797
jrc32002D0371-en,13,1418,2858,5614
jrc52006SC0926-en,4361,1800,525
jrc32005B0548-en,5769,2163,3908
jrc31998D2119-en,1754,1422,2479
jrc31999R2680-en,5962,1700,2459
jrc32003R0998-en,2711,2442,2479
jrc32006D0731-en,3641,138,1718
jrc32005R0115-en,1810,5360,3156
jrc32003L0066-en,2498,87,2656
jrc32000L0004-en,2015,3879,1834
jrc22005A0312_01-en,4057,4069,3780
jrc32006D0703-en,2163,2486,5283
jrc32005R0055-en,1810,5360,1520
jrc32001R0999-en,5877,2479,2442
jrc32004D0839-en,2711,5877,3318
jrc32002R2042-en,2449,1810,2737
jrc32002R1226-en,5962,2479,5877
jrc31998D0436-en,3632,3879
jrc31997D0684-en,5962,1700,2711
jrc32003D0105-en,2014,3780
jrc32005R2108-en,1810,5360,2564
jrc32000R1630-en,3258,1810,5360
jrc32003D0623-en,2442,1405,4361
jrc32006R0080-en,1810,5360,2763
jrc52006DC0037-en,2012,138,2472
jrc32005B0277-en,929,1074,668
jrc32006D0853-en,8369,8278,2163
jrc52006DC0545-en,2498,2402,335
jrc52005IE0122-en,744,2498,2478
jrc22004D0182-en,187,668,1074
jrc22005D0101-en,187,4361,2187
jrc32005L0090-en,2090,2479,1754
jrc52006PC0168-en,573,525,2517
jrc32006D1208_02-en,2163,1163,5769
jrcC2006#256#07-en,69,1718,1418
jrc32006H0585-en,4366,2459,2472
jrcC2006#149#10-en,69,4361,2472
jrcC2005#296#54-en,5371,1810,2510
jrc32005L0082-en,4361,187,2517
jrc32006D0272-en,2320,3780,130
jrcC2006#224#73-en,5371,5448,3780
jrcC2006#149#08-en,69,3780
jrc32005R2109-en,2737,3780,913
jrc31995D0099-en,5962,1700,2119
jrc32003R1085-en,1415,2479,87
jrc32004D0755-en,5775,3461,2498
jrc52006XC0106_09-en,445,3780
jrc52006PC0748-en,1810,5268,4222
jrc52006DC0068-en,4361,486,2497
jrc32004D0185-en,2478,4304,1412
jrc52005XG0716_01-en,1163,3780,82
jrc32004D0897-en,3461,3659,187,1105,2179
jrc32004L0018-en,1810,5268,2470,1422
jrc32005D0368-en,2163,490
jrc32006D0336-en,554,4276,2163
jrc22003D0085-en,187,668,1074
jrc32004D0745-en,2163
jrc52006XC0318_07-en,486,2517,2370
jrc32004D0064_01-en,4179,695,2163
jrc42005X1216_05-en,2179,2015,1401
jrc31998D0542-en,4361
jrc32001D0395-en,2015,909,2179
jrc32003D0728-en,3632,3879
jrc32004B0707-en,2163,5769,3074
jrc31998D0256-en,2442,5877,3780
jrc31997L0023-en,5614,525,2015
jrc52005XC0301_02-en,1414,833,3780
jrc32005B0543-en,5769,1415,2163
jrcC2006#165#45-en,5371,637,2412
